{
  "hash": "8db8028b",
  "browserHash": "1eca917f",
  "optimized": {
    "@angular/common": {
      "src": "../../../../../node_modules/@angular/common/fesm2022/common.mjs",
      "file": "@angular_common.js",
      "fileHash": "164aa7c7",
      "needsInterop": false
    },
    "@angular/core": {
      "src": "../../../../../node_modules/@angular/core/fesm2022/core.mjs",
      "file": "@angular_core.js",
      "fileHash": "a83e669a",
      "needsInterop": false
    },
    "@angular/forms": {
      "src": "../../../../../node_modules/@angular/forms/fesm2022/forms.mjs",
      "file": "@angular_forms.js",
      "fileHash": "19407dd7",
      "needsInterop": false
    },
    "@angular/platform-browser": {
      "src": "../../../../../node_modules/@angular/platform-browser/fesm2022/platform-browser.mjs",
      "file": "@angular_platform-browser.js",
      "fileHash": "4e1fe6fc",
      "needsInterop": false
    },
    "@angular/router": {
      "src": "../../../../../node_modules/@angular/router/fesm2022/router.mjs",
      "file": "@angular_router.js",
      "fileHash": "6487213e",
      "needsInterop": false
    }
  },
  "chunks": {
    "chunk-VIUQSHAA": {
      "file": "chunk-VIUQSHAA.js"
    },
    "chunk-DTDPP5UO": {
      "file": "chunk-DTDPP5UO.js"
    },
    "chunk-GQV5CXXG": {
      "file": "chunk-GQV5CXXG.js"
    }
  }
}